candidate_id,citation,found_via,duplicate_of,title_abstract_decision,title_abstract_reason,full_text_decision,full_text_reason,screener,notes
ST-001,Wu et al. Discovering Invariant Rationales for Graph Neural Networks. ICLR 2022,2,,exclude,I1,,,ST,"General method for interpretable GNNs, evaluated on graph classification. No security data."
ST-002,Wu et al. Handling Distribution Shifts on Graphs: An Invariance Perspective. ICLR 2022,2,,exclude,I1,,,ST,General method that helps GNNs make reliable predictions on graph-structured data even when the underlying data distribution changes.
ST-003,Gui et al. GOOD: A Graph Out-of-Distribution Benchmark. Advances in Neural Information Processing Systems 2022,2,,exclude,I1,,,ST,Benchmark containing graph datasets with different shift splits to evaluate OOD performance on GNNs
ST-004,Yehudai et al. From Local Structures to Size Generalization in Graph Neural Networks. Proceedings of the 38th International Conference on Machine Learning 2021,2,,exclude,I1,,,ST,"A study proving why GNNs fail to generalize across graph sizes due to local structure discrepancies, alongside proposed solutions including a self-supervised task to improve size-generalization."
ST-005,Ying et al. Do Transformers Really Perform Badly for Graph Representation? Advances in Neural Information Processing Systems 2021,2,,exclude,I1,,,ST,"A Transformer-based model that incorporates spatial, centrality, and edge encodings to achieve competitive performance on graph representation learning tasks."
ST-006,"Rampášek et al. Recipe for a General, Powerful, Scalable Graph Transformer. Advances in Neural Information Processing Systems 2022",2,,exclude,I1,,,ST,"A modular Graph Transformer framework (GraphGPS) with linear time complexity that combines local message passing, global attention, and structural encodings for scalable graph learning."
ST-007,Shirzad et al. Exphormer: Sparse Transformers for Graphs. Proceedings of the 40th International Conference on Machine Learning 2023,2,,exclude,I1,,,ST,A sparse attention framework for graph transformers using expander graphs and virtual global nodes to achieve linear complexity and scalability to large graphs.
ST-008,Guo et al. Investigating Out-of-Distribution Generalization of GNNs: An Architecture Perspective. Proceedings of the 30th ACM SIGKDD Conference on Knowledge Discovery and Data Mining 2024,2,,exclude,I1,,,ST,"An architectural study of GNN components under graph OOD settings, introducing a novel backbone model (DGat) that combines graph self-attention and decoupled architectures for improved generalization."
ST-009,Liao et al. Invariant Graph Transformer for Out-of-Distribution Generalization. Proceedings of the 32nd ACM SIGKDD Conference on Knowledge Discovery and Data Mining V.1 2026,2,,exclude,I1,,,ST,An OOD-generalized Graph Transformer that disentangles invariant subgraphs via entropy-guided attention and dynamic subgraph encodings to handle distribution shifts.
ST-010,Cheng et al. KAIROS: Practical Intrusion Detection and Investigation using Whole-system Provenance. Symposium on Security and Privacy (S&P'24) 2024,2,,include,,include,,ST,A PIDS using a GNN-based encoder-decoder to track structural changes over time and reconstruct compact summary graphs of attack activity.
